{
  "norm_stats": {
    "state": {
      "mean": [
        -0.30265140533447266,
        1.0851136445999146,
        0.8098029494285583,
        -0.608934760093689,
        0.001038646325469017,
        0.18992477655410767,
        0.5622625350952148,
        0.30305495858192444,
        1.1409960985183716,
        0.8562998175621033,
        -0.624828040599823,
        0.004271689336746931,
        0.1879808008670807,
        0.6911220550537109
      ],
      "std": [
        0.3369241952896118,
        0.9351761341094971,
        0.723730742931366,
        0.5277806520462036,
        0.021855706349015236,
        0.7740492224693298,
        0.4833534359931946,
        0.33680906891822815,
        0.9531130790710449,
        0.7504962682723999,
        0.5320587158203125,
        0.03705909475684166,
        0.5011706352233887,
        0.4395888149738312
      ],
      "q01": [
        -1.1592235565185547,
        -1.813583730836399e-05,
        -3.3610936952754855e-05,
        -1.4663934707641602,
        -0.04585682600736618,
        -1.8521528244018555,
        0.0,
        -2.3876553314039484e-05,
        -1.9354150936123915e-05,
        -3.1321211281465366e-05,
        -1.4648336172103882,
        -0.051509659737348557,
        -1.2901761531829834,
        0.0
      ],
      "q99": [
        0.002229526173323393,
        2.4413437843322754,
        2.246438980102539,
        1.6971260265563615e-05,
        0.07935407012701035,
        1.4208168983459473,
        1.0,
        1.066557765007019,
        2.5496788024902344,
        2.3810040950775146,
        2.7463351216283627e-05,
        0.13456644117832184,
        1.399288296699524,
        1.0
      ]
    },
    "actions": {
      "mean": [
        -0.3029685914516449,
        1.0858784914016724,
        0.8103736042976379,
        -0.609391987323761,
        0.0010372486431151628,
        0.1900438815355301,
        0.5615951418876648,
        0.3033922612667084,
        1.1422057151794434,
        0.8571752309799194,
        -0.6255254149436951,
        0.0042756469920277596,
        0.18813304603099823,
        0.690952718257904
      ],
      "std": [
        0.3371101915836334,
        0.93504798412323,
        0.7236611843109131,
        0.5277448296546936,
        0.021857228130102158,
        0.7743134498596191,
        0.4834389090538025,
        0.33685028553009033,
        0.9528411626815796,
        0.7502968907356262,
        0.5319530367851257,
        0.0370599627494812,
        0.5014911890029907,
        0.4396623969078064
      ],
      "q01": [
        -1.1592262983322144,
        -1.813583730836399e-05,
        -3.3610936952754855e-05,
        -1.4631733894348145,
        -0.04576854780316353,
        -1.7156734466552734,
        0.0,
        -2.7043215595767833e-05,
        -1.9354150936123915e-05,
        -3.1321211281465366e-05,
        -1.4648336172103882,
        -0.05392087623476982,
        -1.293015480041504,
        0.0
      ],
      "q99": [
        0.0029594004154205322,
        2.445298671722412,
        2.2546586990356445,
        1.6971260265563615e-05,
        0.07942003011703491,
        1.4208168983459473,
        1.0,
        1.066557765007019,
        2.554527521133423,
        2.3796699047088623,
        2.7463351216283627e-05,
        0.13538293540477753,
        1.3817439079284668,
        1.0
      ]
    }
  },
  "metadata": {
    "data_dir": "../RMBench/data/data",
    "task_config": "demo_clean",
    "split": "train",
    "train_episodes_per_task": 48,
    "eval_episodes_per_task": 2,
    "tasks": [
      "battery_try",
      "blocks_ranking_try",
      "classify_blocks",
      "cover_blocks",
      "observe_and_pickup",
      "place_block_mat",
      "press_button",
      "put_back_block",
      "rearrange_blocks",
      "storage_blocks",
      "swap_T",
      "swap_blocks"
    ],
    "num_episodes": 576,
    "num_steps": 401582,
    "state_dim": 14,
    "action_dim": 14,
    "labels": [
      "left_joint_0",
      "left_joint_1",
      "left_joint_2",
      "left_joint_3",
      "left_joint_4",
      "left_joint_5",
      "left_gripper",
      "right_joint_0",
      "right_joint_1",
      "right_joint_2",
      "right_joint_3",
      "right_joint_4",
      "right_joint_5",
      "right_gripper"
    ]
  }
}